codegeo,libgeo,dcomiris,lib_iris,type_iris,au,lib_au,uu,dep,agri,articom,cadres,profint,employes,ouvriers,actifs,proprietai,locpriv,hlm,gratuit,logements,no_diploma,brevet,cap_bep,bac,bac_2,bac_3_4,bac_5,pop_noscol,p_agri,p_articom,p_cadres,p_profint,p_employes,p_ouvriers,p_propriet,p_locpriv,p_hlm,p_gratuit,p_nodiplom,p_brevet,p_cap_bep,p_bac,p_bac_2,p_bac_3_4,p_bac_5
"69386",Lyon 6e Arrondissement,"693860201",Puvis de Chavannes,H,"002",Lyon,UU00758,"69","0","79","532","268","147","24","1050","536","545","7","30","1118","87","59","91","188","213","230","711","1579",0.000000000000000,7.523809000000000,50.666670000000003,25.523810000000001,14.000000000000000,2.285714000000000,47.942760000000000,48.747760000000000,0.626118100000000,2.683363000000000,5.509816000000000,3.736542000000000,5.763141000000000,11.906269999999999,13.489549999999999,14.566179999999999,45.028500000000001
"69385",Lyon 5e Arrondissement,"693850202",La Sarra,H,"002",Lyon,UU00758,"69","0","22","218","164","187","70","661","188","197","245","21","651","277","33","109","144","96","177","245","1081",0.000000000000000,3.328290000000000,32.980330000000002,24.810890000000001,28.290469999999999,10.590020000000001,28.878650000000000,30.261140000000001,37.634410000000003,3.225806000000000,25.624420000000001,3.052729000000000,10.083259999999999,13.321000000000000,8.880666000000000,16.373729999999998,22.664200000000001
"69387",Lyon 7e Arrondissement,"693870103",Centre Berthelot,H,"002",Lyon,UU00758,"69","0","36","498","470","283","111","1398","321","1202","81","39","1643","105","54","149","181","172","281","574","1517",0.000000000000000,2.575107000000000,35.622320000000002,33.619459999999997,20.243200000000002,7.939914000000000,19.537430000000001,73.158860000000004,4.930006000000000,2.373707000000000,6.921556000000000,3.559657000000000,9.822017000000001,11.931440000000000,11.338170000000000,18.523399999999999,37.837840000000000
"69385",Lyon 5e Arrondissement,"693850401",Debrousse,A,"002",Lyon,UU00758,"69","0","23","117","74","69","21","304","89","129","47","4","269","24","28","45","120","40","89","134","479",0.000000000000000,7.565790000000000,38.486840000000001,24.342110000000002,22.697369999999999,6.907895000000000,33.085500000000003,47.955390000000001,17.472120000000000,1.486989000000000,5.010438000000000,5.845511000000000,9.394572000000000,25.052190000000000,8.350731000000000,18.580380000000002,27.974950000000000
"69383",Lyon 3e Arrondissement,"693830602",Dauphine-Montluc,H,"002",Lyon,UU00758,"69","0","65","493","525","574","224","1881","444","996","528","38","2007","409","114","344","412","243","316","552","2389",0.000000000000000,3.455609000000000,26.209460000000000,27.910689999999999,30.515680000000000,11.908560000000000,22.122570000000000,49.626309999999997,26.307919999999999,1.893373000000000,17.120130000000000,4.771871000000000,14.399330000000001,17.245709999999999,10.171620000000001,13.227290000000000,23.105899999999998
"69385",Lyon 5e Arrondissement,"693850204",Radisson-Choulans,H,"002",Lyon,UU00758,"69","0","98","278","247","203","75","901","420","393","46","34","893","132","71","129","132","197","258","394","1312",0.000000000000000,10.876799999999999,30.854610000000001,27.413979999999999,22.530519999999999,8.324083999999999,47.032470000000004,44.008960000000002,5.151176000000000,3.807391000000000,10.060980000000001,5.411585000000000,9.832317000000000,10.060980000000001,15.015240000000000,19.664629999999999,30.030490000000000
"69385",Lyon 5e Arrondissement,"693850103",Saint-Georges,H,"002",Lyon,UU00758,"69","0","97","440","366","233","90","1226","319","746","143","32","1240","149","22","115","175","176","254","544","1435",0.000000000000000,7.911909000000000,35.889069999999997,29.853179999999998,19.004890000000000,7.340946000000000,25.725809999999999,60.161290000000001,11.532260000000001,2.580645000000000,10.383279999999999,1.533101000000000,8.013937000000000,12.195119999999999,12.264810000000001,17.700350000000000,37.909410000000001
"69386",Lyon 6e Arrondissement,"693860304",Les Brotteaux,H,"002",Lyon,UU00758,"69","0","55","743","444","242","61","1545","561","966","17","52","1596","135","64","143","256","196","376","788","1957",0.000000000000000,3.559870000000000,48.090609999999998,28.737860000000001,15.663430000000000,3.948220000000000,35.150379999999998,60.526319999999998,1.065163000000000,3.258145000000000,6.898314000000000,3.270312000000000,7.307103000000000,13.081250000000001,10.015330000000001,19.213080000000001,40.265709999999999
"69385",Lyon 5e Arrondissement,"693850104",Quarantaine-Les Étroits,H,"002",Lyon,UU00758,"69","0","57","457","391","317","136","1358","355","819","190","32","1396","157","25","185","182","202","285","508","1545",0.000000000000000,4.197349000000000,33.652430000000003,28.792339999999999,23.343150000000001,10.014730000000000,25.429800000000000,58.667619999999999,13.610320000000000,2.292264000000000,10.161809999999999,1.618123000000000,11.974110000000000,11.779930000000000,13.074430000000000,18.446600000000000,32.880260000000000
"69385",Lyon 5e Arrondissement,"693850603",La Garde,H,"002",Lyon,UU00758,"69","0","49","265","298","209","72","893","609","294","0","21","924","121","83","210","254","211","197","288","1364",0.000000000000000,5.487122000000000,29.675249999999998,33.370660000000001,23.404250000000001,8.062709999999999,65.909090000000006,31.818180000000002,0.000000000000000,2.272727000000000,8.870968000000000,6.085044000000000,15.395890000000000,18.621700000000001,15.469210000000000,14.442810000000000,21.114370000000001
"69383",Lyon 3e Arrondissement,"693830301",Part Dieu,A,"002",Lyon,UU00758,"69","0","50","370","521","463","151","1555","230","755","496","16","1497","200","116","247","268","256","279","482","1846",0.000000000000000,3.215434000000000,23.794210000000000,33.504820000000002,29.774920000000002,9.710611000000000,15.364060000000000,50.434199999999997,33.132930000000002,1.068804000000000,10.834239999999999,6.283857000000000,13.380280000000001,14.517880000000000,13.867820000000000,15.113759999999999,26.110510000000001
"69382",Lyon 2e Arrondissement,"693820301",Vaubecour-Mairie,H,"002",Lyon,UU00758,"69","3","101","727","339","158","22","1350","631","698","30","58","1418","145","49","115","237","168","333","940","1988",0.222222200000000,7.481482000000000,53.851849999999999,25.111110000000000,11.703700000000000,1.629630000000000,44.499290000000002,49.224260000000001,2.115656000000000,4.090268000000000,7.293763000000000,2.464789000000000,5.784708000000000,11.921530000000001,8.450704999999999,16.750499999999999,47.283700000000003
"69384",Lyon 4e Arrondissement,"693840402",Flammarion Bony,H,"002",Lyon,UU00758,"69","0","48","164","186","272","143","813","267","173","539","13","993","437","84","307","198","97","155","315","1593",0.000000000000000,5.904059000000000,20.172200000000000,22.878229999999999,33.456330000000001,17.589179999999999,26.888220000000000,17.421949999999999,54.279960000000003,1.309164000000000,27.432520000000000,5.273070000000000,19.271809999999999,12.429380000000000,6.089140000000000,9.730069000000000,19.774010000000001
"69385",Lyon 5e Arrondissement,"693850402",Saint-Irenee,H,"002",Lyon,UU00758,"69","0","30","146","162","107","36","481","273","339","6","17","635","76","29","88","102","83","128","168","675",0.000000000000000,6.237006000000000,30.353429999999999,33.679830000000003,22.245320000000000,7.484407000000000,42.992130000000003,53.385829999999999,0.944881900000000,2.677165000000000,11.259259999999999,4.296296000000000,13.037039999999999,15.111110000000000,12.296300000000000,18.962959999999999,24.888890000000000
"69388",Lyon 8e Arrondissement,"693880202",Les Alouettes-Bachut,H,"002",Lyon,UU00758,"69","0","112","819","889","601","348","2769","902","1181","577","88","2748","558","210","632","523","528","528","845","3823",0.000000000000000,4.044782000000000,29.577470000000002,32.105449999999998,21.704590000000000,12.567710000000000,32.823869999999999,42.976709999999997,20.997090000000000,3.202329000000000,14.595870000000000,5.493068000000000,16.531520000000000,13.680360000000000,13.811140000000000,13.811140000000000,22.103059999999999
"69388",Lyon 8e Arrondissement,"693880402",La Trinite-Mermoz,H,"002",Lyon,UU00758,"69","0","0","60","94","136","193","483","42","97","496","12","647","326","46","185","105","87","61","55","865",0.000000000000000,0.000000000000000,12.422359999999999,19.461700000000000,28.157350000000001,39.958590000000001,6.491499000000000,14.992270000000000,76.661510000000007,1.854714000000000,37.687860000000001,5.317919000000000,21.387280000000001,12.138730000000001,10.057800000000000,7.052023000000000,6.358381000000000
"69388",Lyon 8e Arrondissement,"693880801",Moulin-a-Vent,H,"002",Lyon,UU00758,"69","1","28","150","238","331","228","976","238","264","596","8","1107","433","84","399","298","196","113","110","1634",0.102459000000000,2.868852000000000,15.368850000000000,24.385249999999999,33.913930000000001,23.360650000000000,21.499549999999999,23.848240000000001,53.839210000000001,0.722673900000000,26.499389999999998,5.140759000000000,24.418600000000001,18.237449999999999,11.995100000000001,6.915545000000000,6.731946000000000
"69386",Lyon 6e Arrondissement,"693860601",Jules Ferry,H,"002",Lyon,UU00758,"69","0","70","472","279","234","43","1098","313","404","251","18","985","156","61","193","240","146","236","486","1517",0.000000000000000,6.375227000000000,42.987250000000003,25.409839999999999,21.311480000000000,3.916211000000000,31.776650000000000,41.015230000000003,25.482230000000001,1.827411000000000,10.283450000000000,4.021094000000000,12.722479999999999,15.820700000000000,9.624257999999999,15.557020000000000,32.036909999999999
"69388",Lyon 8e Arrondissement,"693880702",Etats-Unis,H,"002",Lyon,UU00758,"69","0","60","116","275","520","374","1345","319","194","1288","19","1819","725","123","560","490","229","177","169","2473",0.000000000000000,4.460967000000000,8.624536000000004,20.446100000000001,38.661709999999999,27.806690000000000,17.537109999999998,10.665200000000000,70.808139999999995,1.044530000000000,29.316620000000000,4.973716000000000,22.644559999999998,19.813990000000000,9.260007999999999,7.157299000000000,6.833805000000000
"69383",Lyon 3e Arrondissement,"693830202",Voltaire,H,"002",Lyon,UU00758,"69","3","64","553","392","413","339","1764","291","1006","304","43","1644","417","78","252","280","206","334","603","2168",0.170068000000000,3.628118000000000,31.349209999999999,22.222220000000000,23.412700000000001,19.217690000000001,17.700730000000000,61.192210000000003,18.491479999999999,2.615572000000000,19.234320000000000,3.597786000000000,11.623620000000001,12.915130000000000,9.501844999999999,15.405900000000001,27.813649999999999
"69387",Lyon 7e Arrondissement,"693870801",Marcel Merieux,H,"002",Lyon,UU00758,"69","0","54","352","482","376","149","1413","358","1261","187","44","1850","244","75","341","290","197","241","250","1639",0.000000000000000,3.821656000000000,24.911539999999999,34.111820000000002,26.610050000000001,10.544940000000000,19.351350000000000,68.162160000000000,10.108110000000000,2.378378000000000,14.887130000000001,4.575961000000000,20.805370000000000,17.693719999999999,12.019520000000000,14.704090000000001,15.253200000000000
"69389",Lyon 9e Arrondissement,"693890502",Champvert Nord,H,"002",Lyon,UU00758,"69","0","41","234","370","310","143","1098","722","327","110","12","1170","266","114","369","314","245","220","289","1817",0.000000000000000,3.734062000000000,21.311480000000000,33.697629999999997,28.233149999999998,13.023680000000001,61.709400000000002,27.948720000000002,9.401710000000000,1.025641000000000,14.639519999999999,6.274078000000000,20.308199999999999,17.281230000000001,13.483760000000000,12.107870000000000,15.905340000000001
"69385",Lyon 5e Arrondissement,"693850501",Les Battieres,H,"002",Lyon,UU00758,"69","0","75","301","467","469","197","1509","634","542","127","25","1329","227","83","395","424","338","275","318","2060",0.000000000000000,4.970179000000000,19.946990000000000,30.947649999999999,31.080179999999999,13.055000000000000,47.705039999999997,40.782539999999997,9.556056999999999,1.881114000000000,11.019420000000000,4.029126000000000,19.174759999999999,20.582519999999999,16.407769999999999,13.349510000000000,15.436890000000000
"69386",Lyon 6e Arrondissement,"693860503",Vauban,H,"002",Lyon,UU00758,"69","0","67","535","429","339","81","1451","639","800","348","48","1835","306","92","320","289","317","310","634","2268",0.000000000000000,4.617505000000000,36.871119999999998,29.565819999999999,23.363199999999999,5.582357000000000,34.822890000000001,43.596730000000001,18.964580000000002,2.615804000000000,13.492060000000000,4.056437000000000,14.109349999999999,12.742500000000000,13.977069999999999,13.668430000000001,27.954149999999998
"69383",Lyon 3e Arrondissement,"693830203",Saxe-Vileroy,H,"002",Lyon,UU00758,"69","0","85","729","468","274","142","1698","434","915","257","36","1642","207","46","164","215","251","287","767","1937",0.000000000000000,5.005889000000000,42.932859999999998,27.561840000000000,16.136630000000000,8.362780000000004,26.431180000000001,55.724730000000001,15.651640000000000,2.192448000000000,10.686629999999999,2.374806000000000,8.466702000000000,11.099640000000001,12.958180000000000,14.816730000000000,39.597320000000003
"69381",Lyon 1er Arrondissement,"693810304",Chardonnet,H,"002",Lyon,UU00758,"69","0","63","496","433","381","133","1506","293","804","323","14","1434","201","46","162","243","230","322","502","1706",0.000000000000000,4.183267000000000,32.934930000000001,28.751660000000001,25.298810000000000,8.831341999999999,20.432359999999999,56.066940000000002,22.524410000000000,0.976290100000000,11.781950000000000,2.696366000000000,9.495896999999999,14.243840000000001,13.481830000000000,18.874559999999999,29.425560000000001
"69386",Lyon 6e Arrondissement,"693860104",L'Helvétie,H,"002",Lyon,UU00758,"69","3","147","636","259","227","84","1356","708","602","185","42","1537","231","90","170","292","279","330","810","2202",0.221238900000000,10.840710000000000,46.902659999999997,19.100290000000001,16.740410000000001,6.194690000000000,46.063760000000002,39.167209999999997,12.036429999999999,2.732596000000000,10.490460000000001,4.087193000000000,7.720254000000000,13.260669999999999,12.670299999999999,14.986380000000000,36.784739999999999
"69387",Lyon 7e Arrondissement,"693870101",Pasteur,H,"002",Lyon,UU00758,"69","0","81","436","340","320","112","1289","314","1142","87","52","1595","127","55","154","128","145","209","473","1292",0.000000000000000,6.283941000000000,33.824669999999998,26.377040000000001,24.825450000000000,8.688905999999999,19.686520000000002,71.598749999999995,5.454545000000000,3.260188000000000,9.829720999999999,4.256966000000000,11.919510000000001,9.907121000000000,11.222910000000001,16.176469999999998,36.609909999999999
"69387",Lyon 7e Arrondissement,"693870302",Saint-Louis,H,"002",Lyon,UU00758,"69","0","11","389","305","224","105","1034","267","935","55","16","1274","79","31","113","137","148","201","465","1173",0.000000000000000,1.063830000000000,37.620890000000003,29.497100000000000,21.663440000000001,10.154740000000000,20.957609999999999,73.390889999999999,4.317111000000000,1.255887000000000,6.734868000000000,2.642796000000000,9.633419000000000,11.679449999999999,12.617220000000000,17.135549999999999,39.641939999999998
"69384",Lyon 4e Arrondissement,"693840202",Grande Rue-Bertone,H,"002",Lyon,UU00758,"69","3","96","509","533","250","132","1523","560","615","151","35","1361","179","44","169","288","269","362","523","1834",0.196979600000000,6.303349000000000,33.420879999999997,34.996720000000003,16.414970000000000,8.667104999999999,41.146220000000000,45.187359999999998,11.094780000000000,2.571639000000000,9.760087000000000,2.399127000000000,9.214831000000000,15.703379999999999,14.667389999999999,19.738280000000000,28.516900000000000
"69388",Lyon 8e Arrondissement,"693880502",La Plaine,H,"002",Lyon,UU00758,"69","0","20","118","240","212","128","718","542","256","24","7","829","214","89","330","285","128","118","147","1311",0.000000000000000,2.785515000000000,16.434539999999998,33.426189999999998,29.526460000000000,17.827300000000001,65.379970000000000,30.880579999999998,2.895054000000000,0.844390800000000,16.323419999999999,6.788711000000000,25.171630000000000,21.739129999999999,9.763539000000000,9.000762999999999,11.212809999999999
"69386",Lyon 6e Arrondissement,"693860303",Vitton,H,"002",Lyon,UU00758,"69","0","79","774","476","233","84","1646","606","855","133","42","1636","148","68","136","203","267","418","880","2120",0.000000000000000,4.799514000000000,47.023090000000003,28.918589999999998,14.155530000000001,5.103281000000000,37.041559999999997,52.261609999999997,8.129583999999999,2.567237000000000,6.981132000000000,3.207547000000000,6.415094000000000,9.575472000000000,12.594340000000001,19.716980000000000,41.509430000000002
"69389",Lyon 9e Arrondissement,"693890403",Le Beal-Gorge de Loup,H,"002",Lyon,UU00758,"69","0","61","341","451","471","456","1780","650","538","618","21","1826","882","142","520","341","303","220","422","2829",0.000000000000000,3.426966000000000,19.157299999999999,25.337080000000000,26.460670000000000,25.617979999999999,35.596930000000000,29.463310000000000,33.844470000000001,1.150055000000000,31.177090000000000,5.019442000000000,18.381049999999998,12.053730000000000,10.710500000000000,7.776599000000000,14.916930000000001
"69383",Lyon 3e Arrondissement,"693830604",Montbrilland-Guilloud,H,"002",Lyon,UU00758,"69","0","61","650","525","304","103","1643","725","666","118","24","1534","108","64","234","291","254","385","670","2006",0.000000000000000,3.712721000000000,39.561779999999999,31.953740000000000,18.502739999999999,6.269020000000000,47.262059999999998,43.415900000000001,7.692307000000000,1.564537000000000,5.383849000000000,3.190429000000000,11.664999999999999,14.506480000000000,12.662010000000000,19.192419999999998,33.399799999999999
"69382",Lyon 2e Arrondissement,"693820402",Carnot-Charité,H,"002",Lyon,UU00758,"69","0","131","681","458","235","70","1575","611","1163","26","66","1866","157","75","162","305","253","379","733","2064",0.000000000000000,8.317460000000002,43.238090000000000,29.079360000000001,14.920640000000001,4.444445000000000,32.743839999999999,62.325830000000003,1.393355000000000,3.536978000000000,7.606589000000000,3.633721000000000,7.848837000000000,14.777130000000000,12.257750000000000,18.362400000000001,35.513570000000001
"69388",Lyon 8e Arrondissement,"693880603",Viviani,H,"002",Lyon,UU00758,"69","0","80","18","164","283","250","795","15","86","1097","8","1206","519","89","495","186","96","108","51","1544",0.000000000000000,10.062889999999999,2.264151000000000,20.628930000000000,35.597479999999997,31.446539999999999,1.243781000000000,7.131011000000000,90.961860000000001,0.663349900000000,33.613990000000001,5.764249000000000,32.059590000000000,12.046630000000000,6.217617000000000,6.994819000000000,3.303109000000000
"69382",Lyon 2e Arrondissement,"693820102",Merciere-Grolee,H,"002",Lyon,UU00758,"69","0","96","505","331","252","70","1254","337","836","186","30","1390","165","68","139","228","169","273","564","1607",0.000000000000000,7.655502000000000,40.271129999999999,26.395530000000001,20.095690000000001,5.582137000000000,24.244599999999998,60.143889999999999,13.381300000000000,2.158273000000000,10.267580000000001,4.231487000000002,8.649658000000002,14.187930000000000,10.516489999999999,16.988180000000000,35.096449999999997
"69382",Lyon 2e Arrondissement,"693820503",Verdun-Suchet,H,"002",Lyon,UU00758,"69","0","46","185","205","225","106","767","207","463","112","14","795","161","41","136","192","116","98","207","952",0.000000000000000,5.997393000000000,24.119949999999999,26.727509999999999,29.335070000000002,13.820080000000001,26.037730000000000,58.238990000000001,14.088050000000001,1.761006000000000,16.911760000000001,4.306723000000000,14.285710000000000,20.168070000000000,12.184870000000000,10.294119999999999,21.743700000000000
"69385",Lyon 5e Arrondissement,"693850504",La Plaine Charcot,H,"002",Lyon,UU00758,"69","0","97","385","379","401","123","1385","884","209","161","7","1260","315","107","323","358","242","366","476","2185",0.000000000000000,7.003610000000000,27.797830000000001,27.364619999999999,28.953070000000000,8.880865999999999,70.158730000000006,16.587299999999999,12.777780000000000,0.555555600000000,14.416480000000000,4.897025000000000,14.782610000000000,16.384440000000001,11.075510000000000,16.750570000000000,21.784900000000000
"69389",Lyon 9e Arrondissement,"693890606",Le Chateau,H,"002",Lyon,UU00758,"69","0","46","102","253","412","335","1148","383","164","574","20","1141","702","81","522","239","169","93","131","1938",0.000000000000000,4.006968000000000,8.885016999999999,22.038329999999998,35.888500000000001,29.181180000000001,33.567050000000002,14.373360000000000,50.306750000000001,1.752848000000000,36.222909999999999,4.179566000000001,26.934979999999999,12.332300000000000,8.720330000000002,4.798762000000000,6.759546000000000
"69389",Lyon 9e Arrondissement,"693890201",L'Industrie-Le Bourg,H,"002",Lyon,UU00758,"69","0","71","400","439","395","178","1483","347","589","318","24","1278","307","106","398","315","270","268","432","2097",0.000000000000000,4.787593000000000,26.972349999999999,29.602160000000001,26.635200000000001,12.002700000000001,27.151800000000001,46.087640000000000,24.882629999999999,1.877934000000000,14.639960000000000,5.054840000000000,18.979489999999998,15.021459999999999,12.875540000000001,12.780160000000000,20.600860000000001
"69389",Lyon 9e Arrondissement,"693890104",Balmont Est,H,"002",Lyon,UU00758,"69","0","33","141","235","324","202","935","482","95","323","14","914","377","88","281","254","157","124","159","1441",0.000000000000000,3.529412000000000,15.080209999999999,25.133690000000001,34.652400000000000,21.604279999999999,52.735230000000001,10.393870000000000,35.339170000000003,1.531729000000000,26.162389999999998,6.106870000000000,19.500350000000001,17.626650000000001,10.895210000000001,8.605135000000002,11.034000000000001
"69387",Lyon 7e Arrondissement,"693870402",Jean-Mace,H,"002",Lyon,UU00758,"69","0","151","1416","1066","655","207","3495","962","2010","335","40","3347","640","189","486","512","537","564","1520","4448",0.000000000000000,4.320458000000001,40.515020000000000,30.500720000000001,18.741060000000001,5.922747000000000,28.742159999999998,60.053780000000003,10.008960000000000,1.195100000000000,14.388489999999999,4.249101000000000,10.926259999999999,11.510790000000000,12.072839999999999,12.679860000000000,34.172660000000000
"69385",Lyon 5e Arrondissement,"693850301",Champvert Sud,H,"002",Lyon,UU00758,"69","1","43","84","223","390","166","907","211","302","601","17","1131","457","95","403","285","146","124","128","1639",0.110253600000000,4.740904000000000,9.261301000000000,24.586549999999999,42.998899999999999,18.302099999999999,18.656060000000000,26.702030000000001,53.138820000000003,1.503095000000000,27.882850000000001,5.796217000000000,24.588159999999998,17.388649999999998,8.907870000000004,7.565589000000000,7.809640000000000
"69383",Lyon 3e Arrondissement,"693830502",Paul Bert-Maisons Neuves,H,"002",Lyon,UU00758,"69","1","92","797","824","602","242","2558","906","1184","132","46","2267","299","121","409","427","435","472","810","2973",0.039093000000000,3.596560000000000,31.157150000000001,32.212670000000003,23.534009999999999,9.460516000000000,39.964709999999997,52.227620000000002,5.822673000000000,2.029113000000000,10.057180000000001,4.069963000000002,13.757149999999999,14.362600000000000,14.631690000000001,15.876220000000000,27.245210000000000
"69381",Lyon 1er Arrondissement,"693810303",Annonciade-Saint-Benoit,H,"002",Lyon,UU00758,"69","0","72","566","426","302","120","1486","437","782","202","46","1469","178","58","131","246","221","328","605","1767",0.000000000000000,4.845222000000000,38.088830000000002,28.667560000000002,20.323020000000000,8.075369999999999,29.748130000000000,53.233490000000003,13.750850000000000,3.131382000000000,10.073570000000000,3.282400000000000,7.413695000000000,13.921900000000001,12.507070000000001,18.562539999999998,34.238819999999997
"69386",Lyon 6e Arrondissement,"693860701",Bellecombe-Thiers,H,"002",Lyon,UU00758,"69","0","65","608","413","254","112","1452","479","877","146","37","1539","238","86","226","267","244","270","681","2012",0.000000000000000,4.476584000000000,41.873280000000001,28.443529999999999,17.493110000000001,7.713499000000000,31.124110000000002,56.985050000000001,9.486680000000000,2.404159000000000,11.829029999999999,4.274354000000000,11.232600000000000,13.270379999999999,12.127240000000000,13.419480000000000,33.846919999999997
"69389",Lyon 9e Arrondissement,"693890101",Montessuy-Le Vergoin,H,"002",Lyon,UU00758,"69","0","39","154","123","238","188","742","180","162","386","4","732","414","100","249","188","116","115","137","1319",0.000000000000000,5.256065000000000,20.754719999999999,16.576820000000001,32.075470000000003,25.336929999999999,24.590160000000001,22.131150000000002,52.732239999999997,0.546448100000000,31.387409999999999,7.581501000000000,18.877939999999999,14.253220000000001,8.794541000000002,8.718726000000000,10.386659999999999
"69383",Lyon 3e Arrondissement,"693830601",Rouget-de-l-isle-Felix Faure,H,"002",Lyon,UU00758,"69","0","95","611","766","631","334","2437","623","921","512","27","2083","485","113","395","472","334","440","759","2997",0.000000000000000,3.898236000000000,25.071809999999999,31.432089999999999,25.892489999999999,13.705380000000000,29.908780000000000,44.215069999999997,24.579930000000001,1.296207000000000,16.182849999999998,3.770437000000000,13.179850000000000,15.749079999999999,11.144480000000000,14.681350000000000,25.325330000000001
"69386",Lyon 6e Arrondissement,"693860202",Mongolfier-Le Lycee,H,"002",Lyon,UU00758,"69","0","132","843","298","146","42","1461","960","728","0","53","1741","270","63","134","297","228","436","1093","2520",0.000000000000000,9.034907000000000,57.700209999999998,20.396989999999999,9.993155000000000,2.874743000000000,55.140720000000002,41.815049999999999,0.000000000000000,3.044227000000000,10.714290000000000,2.500000000000000,5.317461000000000,11.785710000000000,9.047618999999999,17.301590000000001,43.373019999999997
"69388",Lyon 8e Arrondissement,"693880401",Latarget-Mermoz,H,"002",Lyon,UU00758,"69","0","19","50","116","243","205","633","31","47","535","12","624","415","54","277","127","47","85","76","1081",0.000000000000000,3.001580000000000,7.898894000000000,18.325430000000001,38.388629999999999,32.385469999999998,4.967949000000000,7.532051000000000,85.737179999999995,1.923077000000000,38.390380000000000,4.995375000000000,25.624420000000001,11.748379999999999,4.347826000000002,7.863090000000000,7.030527000000000
"69385",Lyon 5e Arrondissement,"693850203",Loyasse-Saint-Just,H,"002",Lyon,UU00758,"69","0","79","473","435","327","178","1492","607","534","313","47","1501","332","93","356","272","260","294","457","2063",0.000000000000000,5.294906000000000,31.702410000000000,29.155500000000000,21.916889999999999,11.930289999999999,40.439709999999998,35.576279999999997,20.852760000000000,3.131246000000000,16.093070000000001,4.507998000000000,17.256419999999999,13.184680000000000,12.603009999999999,14.251090000000000,22.152210000000000
"69387",Lyon 7e Arrondissement,"693870201",Saint-Michel,H,"002",Lyon,UU00758,"69","0","43","717","714","613","161","2248","447","1922","277","46","2692","222","25","207","338","214","460","805","2272",0.000000000000000,1.912811000000000,31.895019999999999,31.761569999999999,27.268680000000000,7.161922000000000,16.604759999999999,71.396730000000005,10.289750000000000,1.708767000000000,9.771127000000000,1.100352000000000,9.110915000000000,14.876760000000001,9.419014000000001,20.246479999999998,35.431339999999999
"69388",Lyon 8e Arrondissement,"693880105",Marius Berliet Sud,H,"002",Lyon,UU00758,"69","0","71","835","921","617","275","2719","489","1692","377","40","2598","189","72","336","455","441","456","811","2760",0.000000000000000,2.611254000000000,30.709820000000001,33.872750000000003,22.692170000000001,10.114010000000000,18.822170000000000,65.127020000000002,14.511160000000000,1.539646000000000,6.847826000000000,2.608696000000000,12.173909999999999,16.485510000000001,15.978260000000001,16.521740000000001,29.384060000000002
"69383",Lyon 3e Arrondissement,"693830105",Mutualité-Liberté,H,"002",Lyon,UU00758,"69","0","68","861","534","335","95","1893","501","1187","107","36","1831","163","63","129","211","256","396","886","2104",0.000000000000000,3.592182000000000,45.483359999999998,28.209190000000000,17.696780000000000,5.018489000000000,27.362100000000002,64.827960000000004,5.843801000000000,1.966139000000000,7.747149000000000,2.994297000000000,6.131179000000000,10.028520000000000,12.167299999999999,18.821290000000001,42.110270000000000
"69383",Lyon 3e Arrondissement,"693830201",Moncey,H,"002",Lyon,UU00758,"69","0","64","475","380","281","133","1333","422","1010","91","34","1557","212","23","133","178","225","292","512","1574",0.000000000000000,4.801200000000000,35.633910000000000,28.507130000000000,21.080269999999999,9.977494000000000,27.103400000000001,64.868340000000003,5.844573000000000,2.183686000000000,13.468870000000001,1.461245000000000,8.449809000000000,11.308770000000001,14.294790000000001,18.551459999999999,32.528590000000001
"69381",Lyon 1er Arrondissement,"693810402",Giraud-Saint-Vincent,H,"002",Lyon,UU00758,"69","0","82","455","309","188","81","1115","422","446","243","7","1117","272","49","124","186","135","305","542","1613",0.000000000000000,7.354260000000000,40.807169999999999,27.713010000000001,16.860990000000001,7.264574000000000,37.779769999999999,39.928379999999997,21.754700000000000,0.626678600000000,16.862990000000000,3.037818000000000,7.687539000000000,11.531310000000000,8.369498000000000,18.908860000000001,33.601979999999998
"69388",Lyon 8e Arrondissement,"693880501",Pinel Santy,H,"002",Lyon,UU00758,"69","0","39","128","215","301","136","819","510","320","70","21","921","282","36","286","262","148","158","124","1297",0.000000000000000,4.761905000000000,15.628819999999999,26.251529999999999,36.752139999999997,16.605619999999998,55.374589999999998,34.744840000000003,7.600434000000000,2.280130000000000,21.742480000000000,2.775636000000000,22.050889999999999,20.200460000000000,11.410950000000000,12.181960000000000,9.560523999999999
"69383",Lyon 3e Arrondissement,"693830803",Grange Blanche,A,"002",Lyon,UU00758,"69","0","0","0","0","0","0","0","0","0","0","0","0","0","0","0","0","0","0","0","0",,,,,,,,,,,,,,,,,
"69381",Lyon 1er Arrondissement,"693810201",Griffon-Royale,H,"002",Lyon,UU00758,"69","0","92","670","447","266","137","1612","559","685","184","29","1458","178","46","134","280","192","388","719","1937",0.000000000000000,5.707196000000000,41.563270000000003,27.729530000000000,16.501239999999999,8.498759000000000,38.340190000000000,46.982170000000004,12.620030000000000,1.989026000000000,9.189468000000000,2.374806000000000,6.917914000000000,14.455340000000000,9.912235000000001,20.030980000000000,37.119259999999997
"69387",Lyon 7e Arrondissement,"693870705",Jean-Jaurès Nord,H,"002",Lyon,UU00758,"69","0","49","280","429","407","160","1325","139","927","166","2","1234","246","78","179","245","197","253","298","1495",0.000000000000000,3.698113000000000,21.132079999999998,32.377360000000003,30.716980000000000,12.075469999999999,11.264180000000000,75.121560000000002,13.452190000000000,0.162074600000000,16.454850000000000,5.217391000000000,11.973240000000001,16.387960000000000,13.177260000000000,16.923079999999999,19.933109999999999
"69388",Lyon 8e Arrondissement,"693880101",Jean Moulin,H,"002",Lyon,UU00758,"69","0","54","870","584","380","95","1983","874","1073","14","55","2015","209","102","197","267","336","462","836","2409",0.000000000000000,2.723147000000000,43.872920000000001,29.450330000000001,19.162880000000001,4.790721000000000,43.374690000000001,53.250619999999998,0.694789100000000,2.729528000000000,8.675799000000000,4.234122000000000,8.177667000000000,11.083440000000000,13.947699999999999,19.178080000000001,34.703200000000002
"69382",Lyon 2e Arrondissement,"693820502",Rambaud-Seguin,H,"002",Lyon,UU00758,"69","0","97","810","767","621","214","2509","592","1305","198","231","2326","208","119","380","510","383","459","856","2915",0.000000000000000,3.866082000000000,32.283780000000000,30.569949999999999,24.750900000000001,8.529294999999999,25.451419999999999,56.104900000000001,8.512466999999999,9.931212000000000,7.135506000000000,4.082333000000000,13.036020000000001,17.495709999999999,13.138940000000000,15.746140000000000,29.365349999999999
"69381",Lyon 1er Arrondissement,"693810202",Capucins-Griffon,H,"002",Lyon,UU00758,"69","0","104","905","766","538","184","2497","471","1542","203","13","2230","187","72","172","349","343","557","948","2628",0.000000000000000,4.164998000000000,36.243490000000001,30.676810000000000,21.545850000000002,7.368843000000000,21.121079999999999,69.147980000000004,9.103139000000001,0.582959700000000,7.115677000000000,2.739726000000000,6.544901000000000,13.280060000000001,13.051750000000000,21.194820000000000,36.073059999999998
"69388",Lyon 8e Arrondissement,"693880104",Marius Berliet Nord,H,"002",Lyon,UU00758,"69","0","36","364","611","387","203","1601","734","642","102","14","1491","283","94","355","366","251","314","460","2123",0.000000000000000,2.248595000000000,22.735790000000001,38.163649999999997,24.172390000000000,12.679570000000000,49.228710000000000,43.058349999999997,6.841046000000000,0.938967100000000,13.330190000000000,4.427697000000000,16.721620000000001,17.239760000000000,11.822889999999999,14.790390000000000,21.667449999999999
"69385",Lyon 5e Arrondissement,"693850101",Saint-Paul,H,"002",Lyon,UU00758,"69","0","76","343","346","202","102","1069","311","870","57","36","1274","103","23","135","157","171","207","417","1214",0.000000000000000,7.109448000000000,32.086060000000003,32.366700000000002,18.896159999999998,9.541627999999999,24.411300000000001,68.288860000000000,4.474097000000002,2.825746000000000,8.484349000000000,1.894563000000000,11.120260000000000,12.932460000000001,14.085670000000000,17.051069999999999,34.349260000000001
"69382",Lyon 2e Arrondissement,"693820302",Ampère-Ainay,H,"002",Lyon,UU00758,"69","0","99","423","289","157","58","1026","330","790","31","30","1181","175","44","94","134","140","268","474","1330",0.000000000000000,9.649122999999999,41.228070000000002,28.167639999999999,15.302140000000000,5.653021000000000,27.942419999999998,66.892460000000000,2.624894000000000,2.540220000000000,13.157900000000000,3.308271000000000,7.067669000000000,10.075189999999999,10.526320000000000,20.150379999999998,35.639099999999999
"69385",Lyon 5e Arrondissement,"693850403",Les Castors-Les Granges,H,"002",Lyon,UU00758,"69","0","58","430","410","322","116","1336","917","402","110","26","1456","338","71","333","288","267","328","496","2121",0.000000000000000,4.341317000000000,32.185630000000003,30.688620000000000,24.101800000000001,8.682634000000000,62.980770000000000,27.609890000000000,7.554945000000000,1.785714000000000,15.935879999999999,3.347478000000000,15.700139999999999,13.578500000000000,12.588400000000000,15.464399999999999,23.385190000000001
"69389",Lyon 9e Arrondissement,"693890501",La Griviere,H,"002",Lyon,UU00758,"69","0","28","130","117","318","208","801","127","115","618","7","868","416","52","245","174","75","113","179","1254",0.000000000000000,3.495631000000000,16.229710000000001,14.606740000000000,39.700369999999999,25.967540000000000,14.631340000000000,13.248849999999999,71.198160000000001,0.806451600000000,33.173839999999998,4.146730000000000,19.537479999999999,13.875600000000000,5.980861000000000,9.011165000000000,14.274319999999999
"69387",Lyon 7e Arrondissement,"693870401",Domer,H,"002",Lyon,UU00758,"69","4","62","723","554","376","81","1800","804","1390","23","34","2252","270","96","161","236","304","358","841","2267",0.222222200000000,3.444444000000000,40.166670000000003,30.777780000000000,20.888890000000000,4.500000000000000,35.701599999999999,61.722909999999999,1.021314000000000,1.509769000000000,11.910010000000000,4.234672000000000,7.101897000000000,10.410230000000000,13.409789999999999,15.791800000000000,37.097479999999997
"69383",Lyon 3e Arrondissement,"693830802",Trarieux-Lacassagne,H,"002",Lyon,UU00758,"69","0","40","578","592","393","169","1772","475","1302","43","58","1877","147","77","222","329","287","376","535","1973",0.000000000000000,2.257336000000000,32.618510000000001,33.408580000000001,22.178329999999999,9.537246000000000,25.306339999999999,69.366010000000003,2.290890000000000,3.090037000000000,7.450583000000000,3.902686000000000,11.251899999999999,16.675110000000000,14.546379999999999,19.057269999999999,27.116070000000001
"69388",Lyon 8e Arrondissement,"693880802",Audibert-La Virotte,H,"002",Lyon,UU00758,"69","0","42","130","248","474","356","1250","147","388","970","25","1529","703","151","552","295","121","130","133","2085",0.000000000000000,3.360000000000000,10.400000000000000,19.840000000000000,37.920000000000002,28.480000000000000,9.614127000000000,25.376059999999999,63.440159999999999,1.635056000000000,33.717030000000001,7.242206000000000,26.474820000000001,14.148680000000001,5.803357000000000,6.235012000000000,6.378897000000000
"69385",Lyon 5e Arrondissement,"693850302",Champvert Mairie,H,"002",Lyon,UU00758,"69","0","80","411","322","449","248","1510","622","239","423","45","1328","461","161","396","435","282","254","390","2378",0.000000000000000,5.298013000000000,27.218540000000001,21.324500000000000,29.735099999999999,16.423839999999998,46.837350000000001,17.996990000000000,31.852409999999999,3.388554000000000,19.386040000000001,6.770395000000000,16.652650000000001,18.292680000000001,11.858700000000001,10.681240000000001,16.400340000000000
"69383",Lyon 3e Arrondissement,"693830701",Genas CFEL,H,"002",Lyon,UU00758,"69","0","88","545","418","427","156","1634","625","799","190","17","1632","257","123","293","326","337","277","565","2178",0.000000000000000,5.385557000000000,33.353729999999999,25.581399999999999,26.132190000000001,9.547124000000000,38.296570000000003,48.958329999999997,11.642160000000001,1.041667000000000,11.799820000000000,5.647383000000000,13.452710000000000,14.967860000000000,15.472910000000001,12.718090000000000,25.941230000000001
"69388",Lyon 8e Arrondissement,"693880404",Mairie,H,"002",Lyon,UU00758,"69","0","71","403","598","599","303","1974","568","897","400","23","1889","456","97","460","435","355","333","426","2562",0.000000000000000,3.596758000000000,20.415400000000002,30.293820000000000,30.344480000000001,15.349539999999999,30.068819999999999,47.485439999999997,21.175219999999999,1.217575000000000,17.798600000000000,3.786105000000000,17.954719999999998,16.978919999999999,13.856360000000000,12.997660000000000,16.627630000000000
"69389",Lyon 9e Arrondissement,"693890302",Saint-Simon-Marietton,H,"002",Lyon,UU00758,"69","0","91","405","477","674","432","2079","325","978","614","21","1938","732","108","423","400","229","288","401","2579",0.000000000000000,4.377104000000000,19.480519999999999,22.943719999999999,32.419429999999998,20.779219999999999,16.769870000000001,50.464399999999998,31.682150000000000,1.083591000000000,28.383089999999999,4.187670000000000,16.401710000000001,15.509890000000000,8.879410999999999,11.167120000000001,15.548660000000000
"69388",Lyon 8e Arrondissement,"693880203",Montplaisir Nord,H,"002",Lyon,UU00758,"69","0","43","401","378","188","67","1077","419","669","26","42","1157","147","43","181","153","214","235","413","1385",0.000000000000000,3.992572000000000,37.233060000000002,35.097490000000001,17.455900000000000,6.220984000000000,36.214350000000003,57.821950000000001,2.247191000000000,3.630078000000000,10.613720000000001,3.104693000000000,13.068590000000000,11.046930000000000,15.451260000000000,16.967510000000001,29.819489999999998
"69383",Lyon 3e Arrondissement,"693830302",Danton-Bir Akeim,H,"002",Lyon,UU00758,"69","0","188","2174","1539","1132","355","5388","1324","3202","779","86","5392","653","218","661","829","729","933","2226","6250",0.000000000000000,3.489235000000000,40.348920000000000,28.563469999999999,21.009650000000001,6.588716000000000,24.554900000000000,59.384270000000001,14.447329999999999,1.594955000000000,10.448000000000000,3.488000000000000,10.576000000000001,13.263999999999999,11.664000000000000,14.928000000000001,35.616000000000000
"69386",Lyon 6e Arrondissement,"693860401",Moliere,H,"002",Lyon,UU00758,"69","0","129","612","368","235","30","1374","509","788","26","29","1351","98","29","78","236","195","362","787","1785",0.000000000000000,9.388646000000000,44.541480000000000,26.783120000000000,17.103349999999999,2.183406000000000,37.675800000000002,58.327159999999999,1.924500000000000,2.146558000000000,5.490196000000000,1.624650000000000,4.369748000000002,13.221290000000000,10.924370000000000,20.280110000000001,44.089640000000003
"69383",Lyon 3e Arrondissement,"693830702",Jules Verne-Acacias,H,"002",Lyon,UU00758,"69","0","74","678","617","520","178","2067","698","921","271","42","1932","260","70","312","416","350","415","690","2513",0.000000000000000,3.580068000000000,32.801160000000003,29.850020000000001,25.157229999999998,8.611514000000000,36.128360000000001,47.670810000000003,14.026920000000000,2.173913000000000,10.346200000000000,2.785515000000000,12.415440000000000,16.553920000000002,13.927580000000001,16.514130000000002,27.457220000000000
"69383",Lyon 3e Arrondissement,"693830404",Baraban-Ferrandière,H,"002",Lyon,UU00758,"69","0","56","498","572","435","191","1752","514","942","221","26","1703","365","110","318","350","328","391","541","2402",0.000000000000000,3.196347000000000,28.424659999999999,32.648400000000002,24.828769999999999,10.901830000000000,30.182030000000001,55.314149999999998,12.977100000000000,1.526718000000000,15.195670000000000,4.579517000000000,13.238970000000000,14.571190000000000,13.655290000000001,16.278099999999998,22.522900000000000
"69385",Lyon 5e Arrondissement,"693850404",Albéric Pont,H,"002",Lyon,UU00758,"69","0","59","231","405","325","164","1184","668","318","21","36","1044","207","94","218","346","238","338","292","1734",0.000000000000000,4.983108000000000,19.510140000000000,34.206080000000000,27.449320000000000,13.851350000000000,63.984670000000001,30.459769999999999,2.011494000000000,3.448276000000000,11.937720000000001,5.420992000000000,12.572089999999999,19.953859999999999,13.725490000000001,19.492500000000000,16.839680000000001
"69386",Lyon 6e Arrondissement,"693860501",Mairie,H,"002",Lyon,UU00758,"69","0","66","462","339","233","91","1191","416","646","230","32","1325","223","62","125","237","158","265","557","1626",0.000000000000000,5.541562000000000,38.790930000000003,28.463480000000001,19.563389999999998,7.640638000000000,31.396229999999999,48.754719999999999,17.358490000000000,2.415094000000000,13.714639999999999,3.813038000000000,7.687577000000000,14.575650000000000,9.717097000000001,16.297660000000000,34.255839999999999
"69388",Lyon 8e Arrondissement,"693880102",Colbert,H,"002",Lyon,UU00758,"69","0","71","703","734","573","132","2213","784","1346","314","52","2495","258","103","351","397","540","467","738","2854",0.000000000000000,3.208314000000000,31.766829999999999,33.167639999999999,25.892450000000000,5.964754000000000,31.422850000000000,53.947899999999997,12.585170000000000,2.084168000000000,9.039944000000000,3.608970000000000,12.298530000000000,13.910299999999999,18.920809999999999,16.363000000000000,25.858440000000002
"69387",Lyon 7e Arrondissement,"693870502",Stalingrad,H,"002",Lyon,UU00758,"69","0","87","887","757","587","246","2564","886","1295","349","59","2588","432","95","344","484","308","467","1011","3142",0.000000000000000,3.393136000000000,34.594380000000001,29.524180000000001,22.893920000000001,9.594384000000000,34.234929999999999,50.038640000000001,13.485320000000000,2.279753000000000,13.749200000000000,3.023552000000000,10.948440000000000,15.404199999999999,9.802673000000000,14.863140000000000,32.176960000000001
"69383",Lyon 3e Arrondissement,"693830402",Richerand-Petites Soeurs,H,"002",Lyon,UU00758,"69","1","71","547","393","422","160","1594","484","569","539","25","1616","507","130","369","320","281","288","548","2443",0.062735300000000,4.454203000000000,34.316180000000003,24.654959999999999,26.474280000000000,10.037640000000000,29.950489999999999,35.210400000000000,33.353960000000001,1.547030000000000,20.753170000000001,5.321326000000000,15.104380000000001,13.098649999999999,11.502250000000000,11.788779999999999,22.431439999999998
"69382",Lyon 2e Arrondissement,"693820103",Jacobins,A,"002",Lyon,UU00758,"69","0","0","0","4","0","0","4","8","8","0","0","15","0","0","0","4","0","0","8","11",0.000000000000000,0.000000000000000,0.000000000000000,100.000000000000000,0.000000000000000,0.000000000000000,53.333329999999997,53.333329999999997,0.000000000000000,0.000000000000000,0.000000000000000,0.000000000000000,0.000000000000000,36.363639999999997,0.000000000000000,0.000000000000000,72.727270000000004
"69386",Lyon 6e Arrondissement,"693860602",Bossuet Ney,H,"002",Lyon,UU00758,"69","0","55","637","459","243","73","1467","402","1026","44","12","1484","70","58","171","196","166","278","711","1650",0.000000000000000,3.749148000000000,43.421950000000002,31.288340000000002,16.564419999999998,4.976142000000000,27.088950000000001,69.137469999999993,2.964960000000000,0.808625300000000,4.242424000000000,3.515152000000000,10.363640000000000,11.878790000000000,10.060610000000000,16.848479999999999,43.090910000000001
"69388",Lyon 8e Arrondissement,"693880301",Laennec,H,"002",Lyon,UU00758,"69","0","29","334","442","373","113","1291","616","930","17","93","1655","160","51","232","256","197","256","340","1491",0.000000000000000,2.246321000000000,25.871420000000001,34.237029999999997,28.892330000000001,8.752905000000000,37.220540000000000,56.193350000000002,1.027190000000000,5.619335000000000,10.731050000000000,3.420523000000000,15.560029999999999,17.169689999999999,13.212610000000000,17.169689999999999,22.803490000000000
"69389",Lyon 9e Arrondissement,"693890103",Louis Bouquet-Jean Perrin,H,"002",Lyon,UU00758,"69","0","69","405","353","241","137","1205","625","298","128","30","1082","243","67","323","308","253","288","411","1894",0.000000000000000,5.726141000000000,33.609960000000001,29.294609999999999,20.000000000000000,11.369289999999999,57.763399999999997,27.541589999999999,11.829940000000001,2.772643000000000,12.829990000000000,3.537487000000000,17.053850000000001,16.261880000000001,13.357970000000000,15.205909999999999,21.700109999999999
"69389",Lyon 9e Arrondissement,"693890604",La Sauvegarde,H,"002",Lyon,UU00758,"69","0","48","51","158","339","270","866","86","61","797","4","948","752","89","287","204","76","99","53","1560",0.000000000000000,5.542725000000000,5.889145000000000,18.244800000000001,39.145499999999998,31.177830000000000,9.071730000000001,6.434599000000000,84.071730000000002,0.421940900000000,48.205129999999997,5.705128000000000,18.397440000000000,13.076919999999999,4.871795000000000,6.346154000000000,3.397436000000000
"69388",Lyon 8e Arrondissement,"693880503",General Andre,H,"002",Lyon,UU00758,"69","0","63","311","466","279","177","1296","885","442","7","20","1355","299","107","433","364","231","311","344","2091",0.000000000000000,4.861111000000000,23.996910000000000,35.956789999999998,21.527780000000000,13.657410000000000,65.313649999999996,32.619929999999997,0.516605100000000,1.476015000000000,14.299379999999999,5.117169000000000,20.707799999999999,17.407940000000000,11.047350000000000,14.873270000000000,16.451460000000001
"69383",Lyon 3e Arrondissement,"693830401",Villette Gare,H,"002",Lyon,UU00758,"69","0","74","451","451","436","187","1599","452","743","207","30","1432","429","88","344","285","254","317","497","2214",0.000000000000000,4.627892000000000,28.205130000000000,28.205130000000000,27.267040000000001,11.694810000000000,31.564250000000001,51.885480000000001,14.455310000000001,2.094972000000000,19.376690000000000,3.974706000000000,15.537490000000000,12.872629999999999,11.472450000000000,14.317980000000000,22.448060000000002
"69388",Lyon 8e Arrondissement,"693880303",Bataille,H,"002",Lyon,UU00758,"69","0","38","622","556","620","315","2151","686","1019","532","39","2275","546","176","599","507","325","421","540","3115",0.000000000000000,1.766620000000000,28.916779999999999,25.848440000000000,28.823799999999999,14.644349999999999,30.153849999999998,44.791210000000000,23.384609999999999,1.714286000000000,17.528089999999999,5.650080000000000,19.229530000000000,16.276080000000000,10.433389999999999,13.515250000000000,17.335470000000001
"69384",Lyon 4e Arrondissement,"693840103",Commandant Arnaud-Dumont d'Urville,H,"002",Lyon,UU00758,"69","0","85","707","661","331","123","1907","690","687","207","33","1617","197","89","208","324","323","439","710","2290",0.000000000000000,4.457263000000000,37.073940000000000,34.661769999999997,17.357109999999999,6.449921000000000,42.671619999999997,42.486080000000001,12.801480000000000,2.040816000000000,8.602620000000000,3.886463000000000,9.082970000000000,14.148470000000000,14.104799999999999,19.170310000000001,31.004370000000002
"69389",Lyon 9e Arrondissement,"693890607",Le Plateau,H,"002",Lyon,UU00758,"69","0","26","107","145","255","124","657","370","367","61","5","803","200","48","134","141","119","104","123","868",0.000000000000000,3.957382000000000,16.286149999999999,22.070010000000000,38.812790000000000,18.873670000000001,46.077210000000001,45.703609999999998,7.596513000000000,0.622665000000000,23.041480000000000,5.529954000000000,15.437790000000000,16.244240000000001,13.709680000000001,11.981570000000000,14.170510000000000
"69382",Lyon 2e Arrondissement,"693820203",Grande Poste,A,"002",Lyon,UU00758,"69","0","0","0","0","0","0","0","0","0","0","0","0","0","0","0","0","0","0","0","0",,,,,,,,,,,,,,,,,
"69386",Lyon 6e Arrondissement,"693860301",Maréchal Lyautey,H,"002",Lyon,UU00758,"69","0","134","638","337","201","67","1377","620","585","113","41","1359","100","37","149","249","264","367","800","1967",0.000000000000000,9.731299999999999,46.332610000000003,24.473490000000002,14.596950000000000,4.865650000000000,45.621780000000001,43.046360000000000,8.314938000000000,3.016924000000000,5.083884000000000,1.881037000000000,7.574987000000000,12.658870000000000,13.421450000000000,18.657850000000000,40.671070000000000
"69384",Lyon 4e Arrondissement,"693840303",Mairie-Tabareau,H,"002",Lyon,UU00758,"69","0","77","447","427","273","152","1376","507","592","258","24","1381","249","78","253","244","255","315","495","1890",0.000000000000000,5.595930000000000,32.485469999999999,31.031980000000001,19.840119999999999,11.046510000000000,36.712530000000001,42.867489999999997,18.682110000000002,1.737871000000000,13.174600000000000,4.126984000000000,13.386240000000001,12.910050000000000,13.492060000000000,16.666670000000000,26.190480000000001
"69385",Lyon 5e Arrondissement,"693850201",Fourviere-Antiquaille,A,"002",Lyon,UU00758,"69","0","19","123","102","56","17","317","67","212","1","15","296","24","3","19","54","31","64","117","312",0.000000000000000,5.993691000000000,38.801259999999999,32.176650000000002,17.665620000000001,5.362776000000000,22.635140000000000,71.621619999999993,0.337837800000000,5.067567000000000,7.692307000000000,0.961538400000000,6.089744000000000,17.307690000000001,9.935898000000000,20.512820000000001,37.500000000000000
"69386",Lyon 6e Arrondissement,"693860502",L'Europe,H,"002",Lyon,UU00758,"69","0","52","466","265","191","71","1045","525","417","148","53","1142","177","62","128","210","162","264","535","1539",0.000000000000000,4.976077000000000,44.593299999999999,25.358850000000000,18.277509999999999,6.794259000000000,45.971980000000002,36.514879999999998,12.959720000000001,4.640981000000000,11.500970000000001,4.028590000000001,8.317088999999999,13.645220000000000,10.526320000000000,17.154000000000000,34.762830000000001
"69381",Lyon 1er Arrondissement,"693810501",Mairie-Martiniere,H,"002",Lyon,UU00758,"69","0","100","577","414","202","40","1333","391","784","51","49","1274","89","35","98","208","183","289","652","1554",0.000000000000000,7.501875000000000,43.285820000000001,31.057759999999998,15.153790000000001,3.000750000000000,30.690740000000002,61.538460000000001,4.003139000000000,3.846154000000000,5.727156000000000,2.252252000000000,6.306306000000000,13.384810000000000,11.776059999999999,18.597169999999998,41.956240000000001
"69387",Lyon 7e Arrondissement,"693870203",Mairie,H,"002",Lyon,UU00758,"69","0","53","564","385","246","66","1314","554","821","0","44","1419","182","63","131","195","169","311","565","1615",0.000000000000000,4.033485000000000,42.922370000000001,29.299849999999999,18.721460000000000,5.022831000000000,39.041580000000003,57.857650000000000,0.000000000000000,3.100775000000000,11.269349999999999,3.900929000000000,8.111454999999999,12.074299999999999,10.464399999999999,19.256969999999999,34.984520000000003
"69387",Lyon 7e Arrondissement,"693870503",Lamothe,H,"002",Lyon,UU00758,"69","0","49","586","744","646","272","2297","711","954","449","49","2162","383","115","488","536","321","433","632","2908",0.000000000000000,2.133217000000000,25.511540000000000,32.390079999999998,28.123640000000002,11.841530000000001,32.886220000000002,44.125810000000001,20.767810000000001,2.266420000000000,13.170560000000000,3.954608000000000,16.781289999999998,18.431909999999998,11.038510000000000,14.889960000000000,21.733149999999998
"69387",Lyon 7e Arrondissement,"693870701",L'Artillerie-La Gare,A,"002",Lyon,UU00758,"69","0","33","239","317","298","138","1025","290","399","123","2","814","168","53","256","197","173","207","223","1278",0.000000000000000,3.219512000000000,23.317070000000001,30.926829999999999,29.073170000000001,13.463410000000000,35.626539999999999,49.017200000000003,15.110569999999999,0.245700200000000,13.145540000000000,4.147105000000000,20.031300000000002,15.414709999999999,13.536780000000000,16.197179999999999,17.449140000000000
"69387",Lyon 7e Arrondissement,"693870703",Cité Jardin,H,"002",Lyon,UU00758,"69","0","51","425","544","584","357","1961","429","832","701","38","1999","691","111","465","335","300","371","390","2662",0.000000000000000,2.600714000000000,21.672619999999998,27.740950000000002,29.780719999999999,18.204999999999998,21.460730000000002,41.620809999999999,35.067540000000001,1.900950000000000,25.957930000000001,4.169797000000000,17.468070000000001,12.584519999999999,11.269720000000000,13.936890000000000,14.650639999999999
"69386",Lyon 6e Arrondissement,"693860702",Les Charmettes-Lafayette,H,"002",Lyon,UU00758,"69","1","71","811","661","441","141","2126","527","1353","162","44","2086","289","81","234","284","286","414","888","2476",0.047036700000000,3.339605000000000,38.146760000000000,31.091249999999999,20.743179999999999,6.632173000000000,25.263660000000002,64.860979999999998,7.766059000000000,2.109300000000000,11.672050000000000,3.271405000000000,9.450727000000001,11.470110000000000,11.550890000000001,16.720520000000000,35.864300000000000
"69384",Lyon 4e Arrondissement,"693840201",Hopital-Saint-Denis,A,"002",Lyon,UU00758,"69","0","8","67","40","54","13","182","37","98","26","0","161","22","8","33","62","24","19","64","231",0.000000000000000,4.395605000000000,36.813189999999999,21.978020000000001,29.670330000000000,7.142857000000000,22.981369999999998,60.869560000000000,16.149069999999998,0.000000000000000,9.523809000000000,3.463203000000000,14.285710000000000,26.839829999999999,10.389609999999999,8.225108000000002,27.705629999999999
"69383",Lyon 3e Arrondissement,"693830403",Pompidou,A,"002",Lyon,UU00758,"69","0","26","278","198","111","33","646","147","359","33","22","562","132","37","89","135","92","141","304","930",0.000000000000000,4.024768000000000,43.034059999999997,30.650150000000000,17.182659999999998,5.108359000000000,26.156580000000002,63.879010000000001,5.871886000000000,3.914591000000000,14.193550000000000,3.978495000000000,9.569893000000000,14.516130000000000,9.892473000000001,15.161289999999999,32.688170000000000
"69389",Lyon 9e Arrondissement,"693890202",La Gare d'Eau,A,"002",Lyon,UU00758,"69","0","26","157","110","63","23","379","137","205","1","12","355","53","7","39","69","73","71","163","475",0.000000000000000,6.860158000000000,41.424799999999998,29.023750000000000,16.622689999999999,6.068602000000000,38.591549999999998,57.746479999999998,0.281690200000000,3.380282000000000,11.157900000000000,1.473684000000000,8.210526000000000,14.526320000000000,15.368420000000000,14.947369999999999,34.315790000000000
"69386",Lyon 6e Arrondissement,"693860603",J. Recamier,H,"002",Lyon,UU00758,"69","0","66","506","332","280","71","1255","293","763","160","17","1233","188","29","136","194","177","214","605","1543",0.000000000000000,5.258964000000000,40.318730000000002,26.454180000000001,22.310759999999998,5.657371000000000,23.763179999999998,61.881590000000003,12.976480000000000,1.378751000000000,12.184060000000001,1.879456000000000,8.813999000000004,12.572910000000000,11.471159999999999,13.869090000000000,39.209330000000001
"69387",Lyon 7e Arrondissement,"693870602",Le Fleuve,H,"002",Lyon,UU00758,"69","0","91","453","643","516","316","2019","622","651","367","31","1671","483","158","411","404","325","361","535","2678",0.000000000000000,4.507182000000000,22.436850000000000,31.847449999999998,25.557210000000001,15.651310000000000,37.223219999999998,38.958710000000004,21.962900000000001,1.855177000000000,18.035850000000000,5.899925000000000,15.347270000000000,15.085889999999999,12.135920000000000,13.480210000000000,19.977589999999999
"69389",Lyon 9e Arrondissement,"693890203",Rochecardon-Gare de Vaise,H,"002",Lyon,UU00758,"69","0","38","327","428","403","274","1470","556","608","311","17","1493","578","78","381","309","215","214","305","2080",0.000000000000000,2.585034000000000,22.244900000000001,29.115649999999999,27.414970000000000,18.639460000000000,37.240459999999999,40.723379999999999,20.830539999999999,1.138647000000000,27.788460000000001,3.750000000000000,18.317309999999999,14.855770000000000,10.336539999999999,10.288460000000001,14.663460000000001
"69388",Lyon 8e Arrondissement,"693880403",Genton-Ranvier,H,"002",Lyon,UU00758,"69","0","41","206","194","245","83","769","404","575","25","30","1035","357","88","285","243","95","118","205","1389",0.000000000000000,5.331600000000000,26.788039999999999,25.227570000000000,31.859559999999998,10.793240000000001,39.033819999999999,55.555560000000000,2.415459000000000,2.898551000000000,25.701940000000000,6.335493000000000,20.518360000000001,17.494599999999998,6.839453000000000,8.495320000000000,14.758820000000000
"69388",Lyon 8e Arrondissement,"693880204",Montplaisir Sud,H,"002",Lyon,UU00758,"69","0","36","500","471","354","66","1427","517","793","110","36","1456","133","58","193","215","313","267","564","1744",0.000000000000000,2.522775000000000,35.038539999999998,33.006309999999999,24.807289999999998,4.625088000000000,35.508240000000001,54.464289999999998,7.554945000000000,2.472528000000000,7.626147000000000,3.325688000000000,11.066509999999999,12.327980000000000,17.947250000000000,15.309630000000000,32.339449999999999
"69384",Lyon 4e Arrondissement,"693840203",Place Croix Rousse-Austerlitz,H,"002",Lyon,UU00758,"69","0","63","489","418","260","54","1284","411","660","8","19","1098","142","55","150","148","197","248","516","1456",0.000000000000000,4.906542000000000,38.084110000000003,32.554519999999997,20.249220000000001,4.205607000000000,37.431690000000003,60.109290000000001,0.728597500000000,1.730419000000000,9.752748000000000,3.777472000000000,10.302199999999999,10.164830000000000,13.530220000000000,17.032969999999999,35.439560000000000
"69383",Lyon 3e Arrondissement,"693830703",Monchat-Bonnand,H,"002",Lyon,UU00758,"69","0","104","794","478","341","133","1850","918","970","24","33","1945","261","67","314","332","381","343","787","2486",0.000000000000000,5.621622000000000,42.918920000000000,25.837840000000000,18.432430000000000,7.189189000000000,47.197940000000003,49.871459999999999,1.233933000000000,1.696658000000000,10.498790000000000,2.695092000000000,12.630730000000000,13.354789999999999,15.325820000000000,13.797269999999999,31.657280000000000
"69382",Lyon 2e Arrondissement,"693820501",Montrochet-Marche-Gare,A,"002",Lyon,UU00758,"69","0","0","7","5","31","4","47","3","54","0","0","57","4","0","26","4","0","7","10","50",0.000000000000000,0.000000000000000,14.893620000000000,10.638299999999999,65.957440000000005,8.510638000000000,5.263158000000000,94.736840000000001,0.000000000000000,0.000000000000000,8.000000000000000,0.000000000000000,52.000000000000000,8.000000000000000,0.000000000000000,14.000000000000000,20.000000000000000
"69382",Lyon 2e Arrondissement,"693820504",Sainte-Blandine-Casimir Perier,H,"002",Lyon,UU00758,"69","0","89","477","435","477","253","1731","554","819","774","24","2170","692","198","499","407","323","292","521","2932",0.000000000000000,5.141537000000000,27.556329999999999,25.129980000000000,27.556329999999999,14.615830000000001,25.529949999999999,37.741940000000000,35.668199999999999,1.105991000000000,23.601640000000000,6.753069000000000,17.019100000000002,13.881309999999999,11.016370000000000,9.959072000000001,17.769439999999999
"69383",Lyon 3e Arrondissement,"693830102",Jussieu,H,"002",Lyon,UU00758,"69","0","67","445","209","145","56","922","356","450","110","15","931","65","53","100","120","157","185","563","1243",0.000000000000000,7.266811000000000,48.264640000000000,22.668109999999999,15.726680000000000,6.073753000000000,38.238450000000000,48.335120000000003,11.815250000000001,1.611171000000000,5.229284000000000,4.263878000000000,8.045052999999999,9.654063000000001,12.630730000000000,14.883350000000000,45.293640000000003
"69384",Lyon 4e Arrondissement,"693840302",Canuts-Denfert-Rochereau,H,"002",Lyon,UU00758,"69","0","58","383","346","270","92","1149","528","473","107","23","1131","165","44","179","242","226","296","406","1557",0.000000000000000,5.047868000000000,33.333329999999997,30.113140000000001,23.498699999999999,8.006963000000002,46.684350000000002,41.821399999999997,9.460654000000000,2.033599000000000,10.597300000000001,2.825947000000000,11.496470000000000,15.542710000000000,14.515090000000001,19.010919999999999,26.075790000000001
"69388",Lyon 8e Arrondissement,"693880901",Petite Guille,H,"002",Lyon,UU00758,"69","0","64","513","727","585","287","2176","751","861","228","40","1880","244","142","444","400","419","430","474","2552",0.000000000000000,2.941176000000000,23.575369999999999,33.409930000000003,26.884190000000000,13.189340000000000,39.946809999999999,45.797870000000003,12.127660000000001,2.127660000000000,9.561128999999999,5.564263000000000,17.398119999999999,15.673980000000000,16.418500000000002,16.849530000000001,18.573670000000000
"69389",Lyon 9e Arrondissement,"693890605",Balmont le Fort,H,"002",Lyon,UU00758,"69","0","17","39","87","228","227","598","17","119","504","1","641","462","38","238","150","75","44","56","1062",0.000000000000000,2.842809000000000,6.521739000000000,14.548500000000001,38.127090000000003,37.959870000000002,2.652106000000000,18.564740000000000,78.627139999999997,0.156006200000000,43.502830000000003,3.578154000000000,22.410550000000001,14.124290000000000,7.062147000000000,4.143126000000000,5.273070000000000
"69385",Lyon 5e Arrondissement,"693850602",Point-du-Jour,H,"002",Lyon,UU00758,"69","0","39","333","201","179","64","816","750","312","69","23","1155","209","189","260","342","215","212","407","1834",0.000000000000000,4.779412000000000,40.808819999999997,24.632349999999999,21.936270000000000,7.843137000000000,64.935069999999996,27.012989999999999,5.974026000000000,1.991342000000000,11.395860000000001,10.305339999999999,14.176660000000000,18.647760000000002,11.723010000000000,11.559430000000001,22.191929999999999
"69383",Lyon 3e Arrondissement,"693830103",Les Halles,H,"002",Lyon,UU00758,"69","0","49","495","240","156","43","983","436","532","9","15","993","99","60","114","196","185","169","580","1403",0.000000000000000,4.984741000000000,50.356050000000003,24.415060000000000,15.869790000000000,4.374364000000000,43.907350000000001,53.575020000000002,0.906344400000000,1.510574000000000,7.056308000000000,4.276550000000001,8.125444999999999,13.970060000000000,13.186030000000001,12.045620000000000,41.339979999999997
"69383",Lyon 3e Arrondissement,"693830104",Bonnel-Servient,H,"002",Lyon,UU00758,"69","0","79","805","434","248","95","1661","610","617","195","29","1451","246","59","186","271","159","375","910","2205",0.000000000000000,4.756171000000000,48.464779999999998,26.128840000000000,14.930759999999999,5.719446000000000,42.039969999999997,42.522399999999998,13.439010000000000,1.998622000000000,11.156459999999999,2.675737000000000,8.435373999999999,12.290250000000000,7.210885000000000,17.006799999999998,41.269840000000002
"69386",Lyon 6e Arrondissement,"693860103",Les Belges,H,"002",Lyon,UU00758,"69","0","102","471","308","103","36","1020","631","416","3","21","1071","100","61","135","212","196","229","612","1544",0.000000000000000,10.000000000000000,46.176470000000002,30.196079999999998,10.098039999999999,3.529412000000000,58.916899999999998,38.842210000000001,0.280112100000000,1.960784000000000,6.476684000000000,3.950777000000000,8.743524000000004,13.730570000000000,12.694300000000000,14.831610000000000,39.637309999999999
"69387",Lyon 7e Arrondissement,"693870901",La Mouche-Le Port,A,"002",Lyon,UU00758,"69","0","0","0","0","0","0","0","0","0","0","0","0","0","0","0","0","0","0","0","0",,,,,,,,,,,,,,,,,
"69386",Lyon 6e Arrondissement,"693860402",Saxe-Bossuet,H,"002",Lyon,UU00758,"69","0","82","526","287","144","55","1094","339","691","0","19","1050","90","42","99","182","211","287","608","1520",0.000000000000000,7.495430000000000,48.080440000000003,26.234000000000002,13.162710000000001,5.027422000000000,32.285710000000002,65.809520000000006,0.000000000000000,1.809524000000000,5.921052000000000,2.763158000000000,6.513158000000000,11.973680000000000,13.881580000000000,18.881580000000000,40.000000000000000
"69388",Lyon 8e Arrondissement,"693880701",Le Bocage,H,"002",Lyon,UU00758,"69","0","72","521","618","367","186","1764","773","680","177","42","1671","494","100","374","336","259","301","600","2464",0.000000000000000,4.081633000000000,29.535150000000002,35.034010000000002,20.804990000000000,10.544219999999999,46.259720000000002,40.694189999999999,10.592460000000001,2.513465000000000,20.048700000000000,4.058442000000001,15.178570000000001,13.636360000000000,10.511360000000000,12.215909999999999,24.350650000000002
"69387",Lyon 7e Arrondissement,"693870603",Le Rhone,H,"002",Lyon,UU00758,"69","0","52","296","329","369","200","1246","406","322","377","18","1123","337","51","385","331","231","255","259","1850",0.000000000000000,4.173355000000000,23.756019999999999,26.404499999999999,29.614770000000000,16.051359999999999,36.153160000000000,28.673200000000001,33.570790000000002,1.602849000000000,18.216220000000000,2.756757000000000,20.810810000000000,17.891890000000000,12.486490000000000,13.783780000000000,14.000000000000000
"69383",Lyon 3e Arrondissement,"693830205",Mairie-Saint-Sacrement,H,"002",Lyon,UU00758,"69","0","68","403","362","364","145","1342","355","739","271","69","1435","387","76","232","242","221","274","461","1893",0.000000000000000,5.067064000000000,30.029810000000001,26.974660000000000,27.123699999999999,10.804770000000000,24.738679999999999,51.498260000000002,18.885020000000001,4.808362000000000,20.443739999999998,4.014791000000000,12.255680000000000,12.783939999999999,11.674590000000000,14.474380000000000,24.352879999999999
"69389",Lyon 9e Arrondissement,"693890102",Les 3 Gouttes-Grand Champ,H,"002",Lyon,UU00758,"69","0","31","325","258","183","66","863","650","202","9","16","877","186","64","229","224","190","184","349","1427",0.000000000000000,3.592120000000000,37.659329999999997,29.895710000000001,21.205100000000002,7.647740000000000,74.116299999999995,23.033069999999999,1.026226000000000,1.824401000000000,13.034340000000000,4.484933000000000,16.047650000000001,15.697270000000000,13.314650000000000,12.894180000000000,24.456900000000001
"69384",Lyon 4e Arrondissement,"693840102",Boucle Louis Thevenet,H,"002",Lyon,UU00758,"69","0","65","464","398","377","150","1454","566","655","254","30","1506","172","62","254","278","259","308","524","1858",0.000000000000000,4.470427000000000,31.911970000000000,27.372760000000000,25.928470000000001,10.316369999999999,37.582999999999998,43.492690000000003,16.865870000000001,1.992032000000000,9.257266000000000,3.336921000000000,13.670610000000000,14.962330000000000,13.939719999999999,16.576969999999999,28.202369999999998
"69386",Lyon 6e Arrondissement,"693860302",Kleber,H,"002",Lyon,UU00758,"69","0","98","760","391","231","82","1562","615","731","115","37","1498","212","80","152","162","206","318","938","2066",0.000000000000000,6.274008000000000,48.655569999999997,25.032010000000000,14.788729999999999,5.249680000000000,41.054740000000002,48.798400000000001,7.676903000000000,2.469960000000000,10.261369999999999,3.872217000000000,7.357212000000000,7.841239000000000,9.970959000000001,15.392060000000001,45.401739999999997
"69382",Lyon 2e Arrondissement,"693820204",Bellecour-Sala,H,"002",Lyon,UU00758,"69","6","94","344","243","149","58","894","378","751","14","30","1173","88","44","85","171","126","195","446","1154",0.671141000000000,10.514540000000000,38.478749999999998,27.181210000000000,16.666670000000000,6.487696000000000,32.225059999999999,64.023870000000002,1.193521000000000,2.557545000000000,7.625650000000000,3.812825000000000,7.365685000000000,14.818020000000001,10.918540000000000,16.897749999999998,38.648180000000004
"69386",Lyon 6e Arrondissement,"693860101",Cité Internationale,A,"002",Lyon,UU00758,"69","0","42","123","72","21","3","261","146","104","7","7","264","21","10","28","58","50","93","142","402",0.000000000000000,16.091950000000001,47.126440000000002,27.586210000000001,8.045977000000002,1.149425000000000,55.303030000000000,39.393940000000001,2.651515000000000,2.651515000000000,5.223881000000000,2.487562000000000,6.965174000000000,14.427860000000001,12.437810000000001,23.134329999999999,35.323380000000000
"69383",Lyon 3e Arrondissement,"693830405",Saint-Anne de Baraban,H,"002",Lyon,UU00758,"69","0","66","639","587","535","294","2121","696","593","578","22","1889","345","131","471","439","343","366","623","2718",0.000000000000000,3.111740000000000,30.127300000000002,27.675619999999999,25.223949999999999,13.861390000000000,36.844889999999999,31.392270000000000,30.598199999999999,1.164637000000000,12.693160000000001,4.819720000000000,17.328920000000000,16.151579999999999,12.619570000000000,13.465780000000001,22.921270000000000
"69382",Lyon 2e Arrondissement,"693820401",Gailleton-A. Comte,H,"002",Lyon,UU00758,"69","0","68","362","271","127","25","853","337","629","47","9","1023","78","39","94","132","158","231","449","1181",0.000000000000000,7.971864000000000,42.438450000000003,31.770219999999998,14.888629999999999,2.930832000000000,32.942329999999998,61.485819999999997,4.594330000000000,0.879765400000000,6.604572000000000,3.302286000000000,7.959356000000000,11.176970000000001,13.378489999999999,19.559690000000000,38.018630000000002
"69388",Lyon 8e Arrondissement,"693880902",Grand Trou,H,"002",Lyon,UU00758,"69","0","47","218","385","468","270","1388","507","489","402","29","1428","474","113","429","382","217","205","244","2064",0.000000000000000,3.386167000000000,15.706049999999999,27.737749999999998,33.717579999999998,19.452449999999999,35.504199999999997,34.243699999999997,28.151260000000001,2.030812000000000,22.965119999999999,5.474806000000000,20.784880000000001,18.507750000000001,10.513570000000000,9.932171000000000,11.821709999999999
"69383",Lyon 3e Arrondissement,"693830101",Préfecture,A,"002",Lyon,UU00758,"69","0","0","0","0","0","0","0","0","0","0","0","0","0","0","0","0","0","0","0","0",,,,,,,,,,,,,,,,,
"69388",Lyon 8e Arrondissement,"693880601",Langlet Santy,H,"002",Lyon,UU00758,"69","0","37","53","117","316","250","773","51","126","644","1","821","613","72","321","255","92","135","43","1531",0.000000000000000,4.786546000000000,6.856404000000000,15.135830000000000,40.879689999999997,32.341529999999999,6.211936000000000,15.347140000000000,78.440929999999994,0.121802700000000,40.039189999999998,4.702809000000000,20.966690000000000,16.655780000000000,6.009144000000000,8.817766000000002,2.808622000000000
"69389",Lyon 9e Arrondissement,"693890402",Arloing-l'Observance,H,"002",Lyon,UU00758,"69","0","97","534","389","208","77","1305","624","561","26","39","1250","203","45","150","266","188","309","539","1699",0.000000000000000,7.432950000000000,40.919539999999998,29.808430000000001,15.938700000000001,5.900383000000000,49.920000000000002,44.880000000000003,2.080000000000000,3.120000000000000,11.948200000000000,2.648617000000000,8.828723000000000,15.656269999999999,11.065329999999999,18.187169999999998,31.724540000000001
"69386",Lyon 6e Arrondissement,"693860403",Edgard Quinet,H,"002",Lyon,UU00758,"69","0","75","488","254","139","40","996","453","584","13","43","1092","166","53","105","194","159","218","555","1449",0.000000000000000,7.530120000000000,48.995980000000003,25.502009999999999,13.955819999999999,4.016064000000000,41.483519999999999,53.479849999999999,1.190476000000000,3.937729000000000,11.456180000000000,3.657695000000000,7.246377000000000,13.388540000000001,10.973080000000000,15.044860000000000,38.302280000000003
"69381",Lyon 1er Arrondissement,"693810301",Grande-Cote-Bon-Pasteur,H,"002",Lyon,UU00758,"69","0","74","758","752","456","210","2250","584","1184","259","25","2052","384","95","270","381","321","516","843","2810",0.000000000000000,3.288889000000000,33.688890000000001,33.422220000000003,20.266670000000001,9.333333000000000,28.460039999999999,57.699809999999999,12.621829999999999,1.218324000000000,13.665480000000001,3.380783000000000,9.608541000000001,13.558719999999999,11.423489999999999,18.362990000000000,30.000000000000000
"69381",Lyon 1er Arrondissement,"693810302",Trois-Gaules,H,"002",Lyon,UU00758,"69","0","44","455","366","266","84","1215","380","656","54","33","1123","83","45","109","188","149","252","476","1302",0.000000000000000,3.621399000000000,37.448560000000001,30.123460000000001,21.893000000000001,6.913580000000000,33.837930000000000,58.414960000000001,4.808548000000000,2.938557000000000,6.374808000000000,3.456221000000000,8.371736000000000,14.439320000000000,11.443930000000000,19.354839999999999,36.559139999999999
"69385",Lyon 5e Arrondissement,"693850503",Pierre Valdo,H,"002",Lyon,UU00758,"69","0","50","203","261","295","115","924","480","234","148","26","888","538","98","251","239","181","193","230","1730",0.000000000000000,5.411255000000000,21.969700000000000,28.246749999999999,31.926410000000001,12.445890000000000,54.054049999999997,26.351350000000000,16.666670000000000,2.927928000000000,31.098269999999999,5.664740000000000,14.508670000000000,13.815030000000000,10.462429999999999,11.156070000000000,13.294800000000000
"69384",Lyon 4e Arrondissement,"693840101",Herbouville-Gros Caillou,H,"002",Lyon,UU00758,"69","0","72","567","373","139","59","1210","569","431","0","30","1030","42","31","83","177","155","329","623","1440",0.000000000000000,5.950413000000000,46.859499999999997,30.826450000000001,11.487600000000000,4.876033000000000,55.242719999999998,41.844659999999998,0.000000000000000,2.912621000000000,2.916667000000000,2.152778000000000,5.763889000000000,12.291670000000000,10.763890000000000,22.847220000000000,43.263890000000004
"69387",Lyon 7e Arrondissement,"693870501",Jules Brunard,H,"002",Lyon,UU00758,"69","0","90","812","711","547","175","2335","845","1135","274","50","2304","322","109","369","383","456","415","822","2877",0.000000000000000,3.854390000000000,34.775160000000000,30.449680000000001,23.426120000000001,7.494647000000000,36.675350000000002,49.262149999999998,11.892360000000000,2.170139000000000,11.192209999999999,3.788669000000000,12.825860000000000,13.312480000000001,15.849840000000000,14.424750000000000,28.571429999999999
"69384",Lyon 4e Arrondissement,"693840502",Gillet Serein,H,"002",Lyon,UU00758,"69","0","101","564","494","280","95","1534","808","450","95","49","1401","207","79","272","256","331","428","651","2224",0.000000000000000,6.584094000000000,36.766620000000003,32.203389999999999,18.252929999999999,6.192960000000000,57.673090000000002,32.119920000000000,6.780871000000000,3.497502000000000,9.307554000000000,3.552158000000000,12.230219999999999,11.510790000000000,14.883089999999999,19.244599999999998,29.271580000000000
"69389",Lyon 9e Arrondissement,"693890303",Mairie,H,"002",Lyon,UU00758,"69","0","60","667","633","381","201","1942","527","1111","181","30","1848","296","62","307","265","255","374","744","2303",0.000000000000000,3.089598000000000,34.346040000000002,32.595260000000003,19.618950000000002,10.350149999999999,28.517320000000002,60.119050000000001,9.794373000000000,1.623377000000000,12.852800000000000,2.692141000000000,13.330439999999999,11.506729999999999,11.072509999999999,16.239690000000000,32.305689999999998
"69382",Lyon 2e Arrondissement,"693820202",Bellecour-Antonin Gourju,H,"002",Lyon,UU00758,"69","0","52","507","303","204","53","1119","264","907","6","32","1208","116","46","90","110","155","241","577","1334",0.000000000000000,4.647006000000000,45.308309999999999,27.077750000000002,18.230560000000001,4.736372000000000,21.854310000000002,75.082780000000000,0.496688800000000,2.649007000000000,8.695652000000004,3.448276000000000,6.746627000000000,8.245877000000000,11.619190000000000,18.065970000000000,43.253369999999997
"69384",Lyon 4e Arrondissement,"693840301",Deleuvre-Henon,H,"002",Lyon,UU00758,"69","0","84","520","451","304","112","1471","681","398","423","16","1518","281","87","355","294","269","316","601","2204",0.000000000000000,5.710401000000000,35.350099999999998,30.659420000000001,20.666210000000000,7.613868000000000,44.861660000000001,26.218710000000002,27.865610000000000,1.054018000000000,12.749549999999999,3.947368000000000,16.107080000000000,13.339380000000000,12.205080000000001,14.337569999999999,27.268599999999999
"69389",Lyon 9e Arrondissement,"693890301",Salengro,H,"002",Lyon,UU00758,"69","0","51","607","738","572","430","2398","430","1310","469","33","2242","519","121","361","454","244","420","635","2755",0.000000000000000,2.126772000000000,25.312760000000001,30.775649999999999,23.853210000000001,17.931609999999999,19.179300000000001,58.429969999999997,20.918820000000000,1.471900000000000,18.838480000000001,4.392015000000000,13.103450000000000,16.479130000000001,8.856624999999999,15.245010000000001,23.048999999999999
"69383",Lyon 3e Arrondissement,"693830902",Chambovet-Pinel,H,"002",Lyon,UU00758,"69","0","55","422","251","207","61","996","566","240","164","14","984","216","74","185","227","183","256","486","1626",0.000000000000000,5.522089000000000,42.369480000000003,25.200800000000001,20.783130000000000,6.124498000000000,57.520319999999998,24.390239999999999,16.666670000000000,1.422764000000000,13.284129999999999,4.551045000000000,11.377610000000001,13.960640000000000,11.254610000000000,15.744160000000001,29.889299999999999
"69382",Lyon 2e Arrondissement,"693820101",La Bourse-Grenette,H,"002",Lyon,UU00758,"69","3","81","639","428","291","81","1523","406","1130","46","32","1614","142","27","133","245","214","205","770","1736",0.196979600000000,5.318450000000000,41.956670000000003,28.102429999999998,19.107030000000002,5.318450000000000,25.154890000000002,70.012389999999996,2.850062000000000,1.982652000000000,8.179724000000000,1.555300000000000,7.661290000000000,14.112900000000000,12.327190000000000,11.808759999999999,44.354840000000003
"69385",Lyon 5e Arrondissement,"693850502",Menival,H,"002",Lyon,UU00758,"69","1","88","479","486","480","217","1751","623","465","631","15","1734","441","140","454","438","283","320","558","2634",0.057110200000000,5.025700000000000,27.355799999999999,27.755569999999999,27.412910000000000,12.392920000000000,35.928489999999996,26.816610000000001,36.389850000000003,0.865051900000000,16.742599999999999,5.315110000000000,17.236139999999999,16.628699999999998,10.744120000000001,12.148820000000001,21.184510000000000
"69387",Lyon 7e Arrondissement,"693870301",Victor Bach,H,"002",Lyon,UU00758,"69","0","106","754","562","310","146","1878","703","1101","89","33","1926","200","102","183","253","246","383","839","2206",0.000000000000000,5.644302000000000,40.149090000000001,29.925450000000001,16.506920000000001,7.774228000000000,36.500520000000002,57.165109999999999,4.620976000000000,1.713396000000000,9.066183000000001,4.623754000000000,8.295558000000000,11.468719999999999,11.151410000000000,17.361740000000001,38.032640000000001
"69381",Lyon 1er Arrondissement,"693810401",Normale-Chartreux,H,"002",Lyon,UU00758,"69","0","83","651","523","239","92","1588","650","748","185","56","1639","241","94","187","273","259","471","656","2181",0.000000000000000,5.226700000000000,40.994959999999999,32.934510000000003,15.050380000000001,5.793451000000000,39.658329999999999,45.637580000000000,11.287369999999999,3.416718000000000,11.049980000000000,4.309949000000000,8.574049000000000,12.517189999999999,11.875290000000000,21.595600000000001,30.077950000000001
"69387",Lyon 7e Arrondissement,"693870704",Jean-Jaurès Sud,H,"002",Lyon,UU00758,"69","0","63","531","425","405","210","1634","445","840","116","13","1414","427","67","276","257","233","338","509","2108",0.000000000000000,3.855569000000000,32.496940000000002,26.009789999999999,24.785799999999998,12.851900000000001,31.471000000000000,59.405940000000001,8.203677000000004,0.919377600000000,20.256170000000001,3.178368000000000,13.092980000000001,12.191649999999999,11.053129999999999,16.034150000000000,24.146110000000000
"69384",Lyon 4e Arrondissement,"693840204",Cuire Canuts,H,"002",Lyon,UU00758,"69","0","84","508","469","335","110","1506","540","779","198","17","1534","248","83","241","287","289","372","542","2064",0.000000000000000,5.577689000000000,33.731740000000002,31.142099999999999,22.244360000000000,7.304117000000000,35.202089999999998,50.782269999999997,12.907430000000000,1.108214000000000,12.015499999999999,4.021318000000000,11.676360000000001,13.905040000000000,14.001939999999999,18.023260000000001,26.259689999999999
"69387",Lyon 7e Arrondissement,"693870802",Tony Garnier,H,"002",Lyon,UU00758,"69","0","30","328","375","272","120","1125","261","639","293","36","1229","208","45","224","205","208","196","236","1323",0.000000000000000,2.666667000000000,29.155560000000001,33.333329999999997,24.177779999999998,10.666670000000000,21.236780000000000,51.993490000000001,23.840520000000001,2.929211000000000,15.721840000000000,3.401361000000000,16.931220000000000,15.495089999999999,15.721840000000000,14.814810000000000,17.838249999999999
"69383",Lyon 3e Arrondissement,"693830804",Chaussagne Desgenettes,H,"002",Lyon,UU00758,"69","0","49","229","194","181","116","769","325","278","213","3","819","169","63","91","181","141","157","276","1079",0.000000000000000,6.371912000000000,29.778929999999999,25.227570000000000,23.537060000000000,15.084530000000001,39.682540000000003,33.943829999999998,26.007330000000000,0.366300400000000,15.662649999999999,5.838739000000000,8.433735000000000,16.774789999999999,13.067660000000000,14.550509999999999,25.579239999999999
"69384",Lyon 4e Arrondissement,"693840403",Bony Bonnet,H,"002",Lyon,UU00758,"69","0","55","391","282","170","61","959","630","441","32","6","1110","185","73","188","254","199","277","402","1577",0.000000000000000,5.735141000000000,40.771639999999998,29.405629999999999,17.726800000000001,6.360793000000000,56.756760000000000,39.729730000000004,2.882883000000000,0.540540500000000,11.731140000000000,4.629043000000000,11.921370000000000,16.106529999999999,12.618900000000000,17.565000000000001,25.491440000000001
"69383",Lyon 3e Arrondissement,"693830204",Saint-Amour,H,"002",Lyon,UU00758,"69","3","83","562","508","571","180","1907","549","1037","403","29","2018","318","144","367","388","273","343","624","2456",0.157315100000000,4.352386000000000,29.470369999999999,26.638700000000000,29.942319999999999,9.438910000000000,27.205150000000000,51.387509999999999,19.970269999999999,1.437066000000000,12.947880000000000,5.863192000000000,14.943000000000000,15.798050000000000,11.115629999999999,13.965800000000000,25.407170000000001
"69384",Lyon 4e Arrondissement,"693840401",Saint-Éxupéry-Popy,H,"002",Lyon,UU00758,"69","0","46","254","239","137","36","712","472","280","11","13","775","227","84","138","152","144","261","329","1335",0.000000000000000,6.460674000000000,35.674160000000001,33.567419999999998,19.241569999999999,5.056180000000000,60.903219999999997,36.129030000000000,1.419355000000000,1.677419000000000,17.003750000000000,6.292135000000000,10.337080000000000,11.385770000000001,10.786519999999999,19.550560000000001,24.644200000000001
"69387",Lyon 7e Arrondissement,"693870102",Universités,H,"002",Lyon,UU00758,"69","0","91","709","532","367","131","1830","425","1211","225","57","1917","142","77","135","285","238","315","809","2000",0.000000000000000,4.972678000000000,38.743169999999999,29.071040000000000,20.054649999999999,7.158470000000000,22.170059999999999,63.171619999999997,11.737090000000000,2.973396000000000,7.100000000000000,3.850000000000000,6.750000000000000,14.250000000000000,11.900000000000000,15.750000000000000,40.450000000000003
"69388",Lyon 8e Arrondissement,"693880302",Rockefeller-La Buire,H,"002",Lyon,UU00758,"69","0","69","188","439","622","345","1663","295","1007","966","36","2305","530","106","486","389","259","213","282","2264",0.000000000000000,4.149128000000000,11.304869999999999,26.398080000000000,37.402290000000001,20.745640000000002,12.798260000000001,43.687640000000002,41.908890000000000,1.561822000000000,23.409890000000001,4.681979000000000,21.466429999999999,17.181979999999999,11.439930000000000,9.408127000000000,12.455830000000001
"69385",Lyon 5e Arrondissement,"693850601",Joliot Curie-Les Acqueducs,H,"002",Lyon,UU00758,"69","0","61","322","445","442","244","1514","1177","326","59","21","1583","529","133","424","378","332","217","378","2390",0.000000000000000,4.029062000000000,21.268160000000002,29.392340000000001,29.194189999999999,16.116250000000001,74.352490000000003,20.593810000000001,3.727100000000000,1.326595000000000,22.133890000000001,5.564854000000000,17.740590000000001,15.815899999999999,13.891209999999999,9.079497999999999,15.815899999999999
"69387",Lyon 7e Arrondissement,"693870601",Yves Farges,H,"002",Lyon,UU00758,"69","8","103","1374","1483","957","353","4278","1049","2268","445","95","3857","452","95","552","640","639","795","1481","4655",0.187003300000000,2.407667000000000,32.117809999999999,34.665730000000003,22.370270000000001,8.251519000000000,27.197299999999998,58.802180000000000,11.537459999999999,2.463054000000000,9.709989999999999,2.040816000000000,11.858219999999999,13.748659999999999,13.727169999999999,17.078410000000002,31.815249999999999
"69383",Lyon 3e Arrondissement,"693830801",Feuillat Harmonie,H,"002",Lyon,UU00758,"69","0","57","423","440","359","182","1461","556","628","350","47","1582","310","109","327","276","244","273","559","2098",0.000000000000000,3.901437000000000,28.952770000000001,30.116360000000000,24.572209999999998,12.457220000000000,35.145389999999999,39.696590000000000,22.123889999999999,2.970923000000000,14.775980000000001,5.195424000000000,15.586270000000001,13.155390000000001,11.630120000000000,13.012390000000000,26.644420000000000
"69382",Lyon 2e Arrondissement,"693820201",Hôtel Dieu,A,"002",Lyon,UU00758,"69","0","0","65","23","28","4","120","48","156","0","8","211","27","5","12","16","4","27","58","149",0.000000000000000,0.000000000000000,54.166670000000003,19.166670000000000,23.333330000000000,3.333333000000000,22.748819999999998,73.933650000000000,0.000000000000000,3.791469000000000,18.120809999999999,3.355705000000000,8.053691000000002,10.738260000000000,2.684564000000000,18.120809999999999,38.926169999999999
"69388",Lyon 8e Arrondissement,"693880602",Grange Rouge,H,"002",Lyon,UU00758,"69","5","56","73","228","456","443","1261","389","184","869","22","1463","844","115","469","341","123","144","93","2127",0.396510700000000,4.440920000000000,5.789056000000000,18.080890000000000,36.161780000000000,35.130850000000002,26.589200000000002,12.576900000000000,59.398490000000002,1.503759000000000,39.680300000000003,5.406676000000000,22.049840000000000,16.031970000000001,5.782793000000000,6.770099000000000,4.372355000000000
"69389",Lyon 9e Arrondissement,"693890401",Saint-Pierre de Vaise,H,"002",Lyon,UU00758,"69","0","80","809","765","604","309","2567","897","1140","361","65","2463","492","147","438","464","394","498","862","3294",0.000000000000000,3.116478000000000,31.515390000000000,29.801320000000000,23.529409999999999,12.037400000000000,36.418999999999997,46.285020000000003,14.656920000000000,2.639058000000000,14.936249999999999,4.462659000000002,13.296900000000001,14.086220000000001,11.961140000000000,15.118399999999999,26.168790000000001
"69388",Lyon 8e Arrondissement,"693880903",Montagny-Saint-Jean-de-Dieu,H,"002",Lyon,UU00758,"69","0","70","129","385","734","498","1816","274","455","914","20","1664","778","173","714","669","293","303","211","3142",0.000000000000000,3.854625000000000,7.103524000000000,21.200440000000000,40.418500000000002,27.422910000000002,16.466349999999998,27.343750000000000,54.927880000000002,1.201923000000000,24.761299999999999,5.506047000000000,22.724380000000000,21.292169999999999,9.325271000000001,9.643539000000001,6.715468000000000
"69387",Lyon 7e Arrondissement,"693870403",Route de Vienne,H,"002",Lyon,UU00758,"69","0","64","461","579","592","233","1929","562","1304","110","34","2010","235","149","285","380","289","353","496","2186",0.000000000000000,3.317781000000000,23.898389999999999,30.015550000000001,30.689480000000000,12.078799999999999,27.960200000000000,64.875630000000001,5.472637000000000,1.691542000000000,10.750230000000000,6.816103000000000,13.037509999999999,17.383350000000000,13.220490000000000,16.148219999999998,22.689840000000000
"69386",Lyon 6e Arrondissement,"693860102",Le Parc,D,"002",Lyon,UU00758,"69","0","0","0","0","0","0","0","0","0","0","0","0","0","0","0","0","0","0","0","0",,,,,,,,,,,,,,,,,
"69381",Lyon 1er Arrondissement,"693810102",Louis-Pradel,A,"002",Lyon,UU00758,"69","0","0","21","2","0","2","25","21","10","0","0","31","0","4","0","2","2","6","21","34",0.000000000000000,0.000000000000000,84.000000000000000,8.000000000000000,0.000000000000000,8.000000000000000,67.741940000000000,32.258060000000000,0.000000000000000,0.000000000000000,0.000000000000000,11.764709999999999,0.000000000000000,5.882353000000000,5.882353000000000,17.647060000000000,61.764710000000001
"69383",Lyon 3e Arrondissement,"693830603",Saint-Maximin-Sisley,H,"002",Lyon,UU00758,"69","0","89","941","650","430","87","2197","1006","959","76","30","2071","247","67","284","348","410","477","1022","2854",0.000000000000000,4.050979000000000,42.831130000000002,29.585799999999999,19.572140000000001,3.959945000000000,48.575569999999999,46.306130000000003,3.669725000000000,1.448576000000000,8.654520000000000,2.347582000000000,9.950946000000000,12.193410000000000,14.365800000000000,16.713380000000001,35.809390000000000
"69385",Lyon 5e Arrondissement,"693850102",Saint-Jean,H,"002",Lyon,UU00758,"69","0","87","419","387","256","87","1236","301","795","144","68","1307","112","26","82","181","191","234","496","1322",0.000000000000000,7.038835000000000,33.899679999999996,31.310680000000001,20.711970000000001,7.038835000000000,23.029840000000000,60.826320000000003,11.017600000000000,5.202754000000000,8.472013000000000,1.966717000000000,6.202723000000000,13.691380000000001,14.447810000000000,17.700450000000000,37.518909999999998
"69383",Lyon 3e Arrondissement,"693830901",Richard Vitton-Docteur Long,H,"002",Lyon,UU00758,"69","0","140","740","671","613","230","2394","838","966","321","49","2173","335","165","432","498","425","481","825","3161",0.000000000000000,5.847953000000000,30.910609999999998,28.028400000000001,25.605680000000000,9.607351000000000,38.564200000000000,44.454670000000000,14.772200000000000,2.254947000000000,10.597910000000001,5.219867000000000,13.666560000000000,15.754510000000000,13.445110000000000,15.216699999999999,26.099329999999998
"69381",Lyon 1er Arrondissement,"693810101",Terreaux-Bat-d-Argent,H,"002",Lyon,UU00758,"69","0","176","975","667","460","92","2370","487","1563","125","34","2208","169","71","204","336","305","487","1060","2633",0.000000000000000,7.426160000000000,41.139240000000001,28.143460000000001,19.409279999999999,3.881856000000000,22.056159999999998,70.788039999999995,5.661232000000000,1.539855000000000,6.418534000000000,2.696544000000000,7.747816000000000,12.761110000000000,11.583750000000000,18.496009999999998,40.258260000000000
"69384",Lyon 4e Arrondissement,"693840501",Lyon Plage-Ypres,H,"002",Lyon,UU00758,"69","0","88","392","369","268","115","1232","729","362","196","12","1298","253","131","295","297","273","298","564","2111",0.000000000000000,7.142857000000000,31.818180000000002,29.951300000000000,21.753250000000001,9.334415000000000,56.163330000000002,27.889060000000001,15.100149999999999,0.924499200000000,11.984840000000000,6.205590000000000,13.974420000000000,14.069160000000000,12.932259999999999,14.116529999999999,26.717199999999998
"69383",Lyon 3e Arrondissement,"693830501",Villette-Paul Bert,H,"002",Lyon,UU00758,"69","0","36","859","549","400","202","2046","691","1100","137","40","1968","321","77","282","269","254","386","881","2470",0.000000000000000,1.759531000000000,41.984360000000002,26.832840000000001,19.550339999999998,9.872923000000000,35.111789999999999,55.894309999999997,6.961382000000000,2.032520000000000,12.995950000000001,3.117409000000000,11.417000000000000,10.890689999999999,10.283400000000000,15.627530000000000,35.668010000000002
"69387",Lyon 7e Arrondissement,"693870202",Le Prado,H,"002",Lyon,UU00758,"69","0","62","481","513","453","102","1611","305","1430","52","14","1800","221","51","176","219","136","276","625","1703",0.000000000000000,3.848541000000000,29.857230000000001,31.843570000000000,28.119180000000000,6.331471000000000,16.944440000000000,79.444440000000000,2.888889000000000,0.777777800000000,12.977100000000000,2.994715000000000,10.334700000000000,12.859660000000000,7.985907000000000,16.206689999999998,36.699939999999998
